original_BOL_address,geometry.location.lat,geometry.location.lng,country,number_of_transactions
"Aabenraa,Denmark",55.040852,9.415158900000002,Denmark,4.0
"Aarhus,Denmark",56.162939,10.203921000000001,Denmark,83.0
"Aberdeen, Washington",46.9753708,-123.81572179999999,United States,9.0
"Abidjan,Ivory Coast",5.3599517,-4.008256299999999,Côte d'Ivoire,2.0
"Acajutla,El Salvador",13.5957,-89.82708939999998,El Salvador,598.0
"Acapulco,Mexico",16.853108600000002,-99.82365329999999,Mexico,39.0
"Accra ,Ghana",5.6037168,-0.1869644,Ghana,1.0
"Adelaide,Australia",-34.9284989,138.6007456,Australia,1605.0
"Agadir,Morocco",30.4277547,-9.5981072,Morocco,1.0
"Aguascalientes,Mexico",21.8852562,-102.2915677,Mexico,2.0
"Ain Sukhna,Egypt",29.632561699999997,32.330017100000006,Egypt,1.0
"Akron, Ohio",41.081444700000006,-81.51900529999998,United States,1.0
"Albany, New York",42.65257929999999,-73.7562317,United States,25.0
"Alberta,Canada",53.9332706,-116.57650349999999,Canada,53.0
"Albuquerque, New Mexico",35.0853336,-106.6055534,United States,80.0
"Alexandria Bay, New York",44.3358836,-75.9177309,United States,13.0
"Algeciras,Spain",36.140759100000004,-5.456233,Spain,14594.0
"Algeciras,Spain ",36.140759100000004,-5.456233,Spain,1372.0
"Allentown, Pennsylvania",40.6084305,-75.4901833,United States,32.0
"Anchorage, Alaska",61.2180556,-149.90027780000003,United States,69.0
"Ancona,Italy",43.6158299,13.518915,Italy,3.0
"Antofagasta,Chile",-23.6509279,-70.39750219999998,Chile,175.0
"Anvers,Belgium",51.2194475,4.402464299999999,Belgium,142278.0
"Apapa,Nigeria",6.4446406,3.3640841,Nigeria,11.0
"Apia,Western Samoa",-13.8506958,-171.75135509999998,Samoa,2.0
"Aqaba,Jordan",29.5320522,35.0063209,Jordan,228.0
"Aratu,Brazil",-12.776480000000001,-38.498110700000005,Brazil,10.0
"Arawak Cay,Bahamas",25.0826605,-77.36043719999998,The Bahamas,6.0
"Arica,Chile",-18.4782534,-70.3125988,Chile,107.0
"Ashdod,Israel",31.804381,34.655314000000004,Israel,61.0
"Asuncion,Paraguay",-25.263739899999997,-57.57592599999999,Paraguay,5.0
"Atlanta, Georgia",33.7489954,-84.3879824,United States,16862.0
"Attalea,Turkey",37.09516720000001,31.079370500000003,Turkey,19.0
"Auckland,New Zealand",-36.8484597,174.7633315,New Zealand,3450.0
"Austin, Texas",30.267153000000004,-97.7430608,United States,287.0
"Baja California Sur,Mexico",26.044444600000002,-111.66607250000001,Mexico,44.0
"Baja California,Mexico",30.8406338,-115.28375849999999,Mexico,1929.0
"Balboa,Panama",8.9613962,-79.5631537,Panama,14333.0
"Baltimore, Maryland",39.2903848,-76.6121893,United States,53183.0
"Bangkok,Thailand",13.7563309,100.5017651,Thailand,56.0
"Bar,Serbia",44.8208969,20.4563981,Serbia,3.0
"Barcelona ,Spain",41.3850639,2.1734035,Spain,13235.0
"Barcelona ,Spain ",41.3850639,2.1734035,Spain,5968.0
"Barletta,Italy",41.319663500000004,16.2838207,Italy,2.0
"Barranquilla ,Colombia",11.004107199999998,-74.80698129999998,Colombia,14.0
"Bassens,France",44.899834999999996,-0.516238,France,1.0
"Basseterre, St. Kitts,St. Kitts & Nevis",17.302605800000002,-62.7176924,Saint Kitts and Nevis,40.0
"Batangas,Philippines",13.9450336,121.1312012,Philippines,289.0
"Bathurst,Gambia",13.4548761,-16.5790323,The Gambia,1.0
"Baton Rouge, Louisiana",30.458282899999997,-91.1403196,United States,2.0
"Battle Creek, Michigan",42.32115220000001,-85.17971419999998,United States,14.0
"Beaufort Morehead City, North Carolina",34.7182174,-76.6638186,United States,98.0
"Beaumont, Texas",30.080174,-94.12655620000001,United States,8.0
"Beira,Mozambique",-19.796381600000004,34.884486700000004,Mozambique,6.0
"Belawan,Indonesia",3.784303,98.694221,Indonesia,907.0
"Belfast,United Kingdom",54.59728500000001,-5.93012,United Kingdom,4.0
"Belize,Belize",17.5045661,-88.1962133,Belize,29.0
"Beyrouth,Lebanon",33.8937913,35.50177670000001,Lebanon,3.0
"Bilbao,Spain",43.263012599999996,-2.9349852000000003,Spain,52.0
"Bilbao,Spain ",43.263012599999996,-2.9349852000000003,Spain,39.0
"Birmingham, Alabama",33.5206608,-86.80248999999998,United States,453.0
"Blaine, Washington",48.993722999999996,-122.74711909999999,United States,4187.0
"Bluegrass Airport, Lexington, Kentucky",38.03776149999999,-84.6026083,United States,16.0
"Boise, Idaho",43.6187102,-116.2146068,United States,7.0
"Boston, Massachusetts",42.360082500000004,-71.0588801,United States,28215.0
"Boundary, Washington",48.99861,-121.60417,United States,7.0
"Brake,Federal Republic of Germany",51.176359999999995,6.867539999999999,Germany,22.0
Brazil,-14.235004,-51.92528,Brazil,5199.0
"Bremen,Federal Republic of Germany",53.07929619999999,8.8016936,Germany,34.0
"Bremerhaven,Federal Republic of Germany",53.5395845,8.580942499999999,Germany,241435.0
"Bridgeport, Connecticut",41.18654779999999,-73.19517669999998,United States,55.0
"Bridgetown,Barbados",13.0968511,-59.61448189999999,Barbados,353.0
"Brisbane,Australia",-27.469770699999998,153.0251235,Australia,495.0
"Bristol,United Kingdom",51.454513,-2.58791,United Kingdom,20.0
"British Columbia,Canada",53.72666829999999,-127.6476205,Canada,28.0
"Brockville, ONT,Canada",44.5895244,-75.68428580000001,Canada,1.0
"Brownsville, Texas",25.9017472,-97.4974838,United States,664.0
"Brownsville, Texas ",25.9017472,-97.4974838,United States,350.0
"Brunswick, Georgia",31.149952799999998,-81.49148939999998,United States,611.0
"Brunswick, Georgia ",31.149952799999998,-81.49148939999998,United States,271.0
"Buenaventura,Colombia",3.8830470999999998,-77.01972119999998,Colombia,2317.0
"Buenos Aires,Argentina",-34.6036844,-58.381559100000004,Argentina,7608.0
"Buffalo Niagara Falls, New York",43.08872909999999,-79.05254120000001,United States,37783.0
"Burnaby, BC,Canada",49.2488091,-122.9805104,Canada,15.0
"Cadiz,Spain",36.527061200000006,-6.2885962,Spain,14.0
"Cadiz,Spain ",36.527061200000006,-6.2885962,Spain,3.0
"Cagliari,Italy",39.2238411,9.121661300000001,Italy,5655.0
"Calais, Maine",45.1889633,-67.27860380000001,United States,5.0
"Calcutta,India",22.572646,88.36389500000001,India,285.0
"Caldera,Chile",-27.0667,-70.8178142,Chile,21.0
"Caldera,Costa Rica",9.940055300000001,-84.7276382,Costa Rica,5647.0
"Calexico, California",32.6789476,-115.4988834,United States,878.0
"Calexico-East, California",32.6752467,-115.3888223,United States,976.0
"Callao,Peru",-12.050849099999999,-77.1259843,Peru,10219.0
"Camden, New Jersey",39.9259463,-75.1196199,United States,6.0
"Cap Haitien,Haiti",19.7370362,-72.20676809999998,Haiti,25.0
"Cape Town,South Africa",-33.9248685,18.424055300000003,South Africa,4248.0
"Carquinez Strait, California",38.0319136,-122.1462193,United States,666.0
"Cartagena ,Colombia",10.3910485,-75.4794257,Colombia,26797.0
"Casablanca,Morocco",33.5731104,-7.589843399999999,Morocco,69.0
"Castries,St. Lucia",14.010109400000001,-60.987468699999994,Saint Lucia,83.0
"Caucedo,Dominican Republic",18.425332,-69.632825,Dominican Republic,8067.0
"Champlain Rouses Point, New York",44.993927899999996,-73.36485569999998,United States,10760.0
"Champlain-Cartage Cont, Champlain, New York",44.999002000000004,-73.45843190000001,United States,1.0
"Charleston, South Carolina",32.776474900000004,-79.93105120000001,United States,234799.0
"Charleston, West Virginia",38.3498195,-81.6326234,United States,777.0
"Charlestown, Nevis Is.,St. Kitts & Nevis",17.1374798,-62.62366329999999,Saint Kitts and Nevis,47.0
"Charlotte Amalie, Virgin Islands",18.3419004,-64.9307007,U.S. Virgin Islands,2.0
"Charlotte, North Carolina",35.2270869,-80.8431267,United States,2982.0
"Charlotte, North Carolina ",35.2270869,-80.8431267,United States,1084.0
"Chattanooga, Tennessee",35.0456297,-85.3096801,United States,160.0
"Cheju,South Korea",33.4890113,126.4983023,South Korea,1.0
"Chester, Pennsylvania",39.849557,-75.3557457,United States,800.0
"Chibako,Japan",35.6050574,140.1233063,Japan,85.0
"Chicago, Illinois",41.8781136,-87.62979820000001,United States,55455.0
"Chihuahua,Mexico",28.6329957,-106.0691004,Mexico,521.0
China (Mainland),26.2608772,-80.2493136,United States,1644.0
"Chittagong,Bangladesh",22.356851000000002,91.7831819,Bangladesh,143.0
"Chiwan,China (Mainland)",22.5272145,113.9180054,China,13597.0
"Christiansted, St. Croix,Virgin Islands",17.7466397,-64.7031977,U.S. Virgin Islands,29.0
"Cincinnati, Ohio",39.103118200000004,-84.5120196,United States,5469.0
"Civitavecchia,Italy",42.0924239,11.7954132,Italy,1189.0
"Cleveland, Ohio",41.499320000000004,-81.6943605,United States,6094.0
"Coahuila,Mexico",27.058676000000002,-101.70682940000002,Mexico,288.0
"Cochin,India",9.9312328,76.26730409999998,India,151.0
"Colombo Harbor,Sri Lanka",6.945533500000001,79.8479247,Sri Lanka,25508.0
"Columbia, South Carolina",34.0007104,-81.0348144,United States,25.0
"Columbus, Ohio",39.9611755,-82.99879419999998,United States,13191.0
"Constantza,Romania",44.1598013,28.634813800000003,Romania,2.0
"Coquimbo ,Chile",-29.959000899999996,-71.3389183,Chile,126.0
"Corinto,Nicaragua",12.490741400000001,-87.1784334,Nicaragua,1389.0
"Corpus Christi, Texas",27.800582799999997,-97.396381,United States,5.0
"Cotonou,Benin",6.3702928,2.3912362000000003,Benin,3.0
"Cristobal,Panama",9.350599,-79.901527,Panama,5997.0
"DHL Courier, Cincinnati, Ohio",39.139518,-84.51284709999999,United States,217.0
"DHL Worldwide, Los Angeles, California",34.030011200000004,-118.23374009999998,United States,7.0
"Dadiangas,Philippines",6.1163861,125.171618,Philippines,8.0
"Dakar,Senegal",14.716676999999999,-17.4676861,Senegal,7.0
"Dallas, Texas",32.7766642,-96.7969879,United States,47.0
"Dallas/Ft. Worth Airport, Texas",32.8998091,-97.0403352,United States,8136.0
"Dallas/Ft. Worth Airport, Texas ",32.8998091,-97.0403352,United States,1850.0
"Darwin,Australia",-12.4634403,130.8456418,Australia,1.0
"Davao,Philippines",7.190708,125.45534099999999,Philippines,62.0
"Dayton, Ohio",39.758947799999994,-84.1916069,United States,64.0
"Del Rio, Texas",29.370885700000002,-100.89586740000001,United States,441.0
"Delta, BC,Canada",49.09521549999999,-123.02647579999999,Canada,13.0
"Denver, Coloroda",39.739235799999996,-104.990251,United States,2655.0
"Derindje ,Turkey",40.756189,29.830918,Turkey,6.0
"Des Moines, Iowa",41.600544799999994,-93.6091064,United States,45.0
"Detour City, Michigan",45.9952966,-84.014636,United States,20.0
"Detroit Metropolitan Airport, Michigan",42.2161722,-83.3553842,United States,1867.0
"Detroit, Michigan",42.331427000000005,-83.0457538,United States,5959.0
"Djibouti,Djibouti",11.5720765,43.145647499999995,Djibouti,6.0
"Doha,Qatar",25.2854473,51.53103979999999,Qatar,29.0
"Douglas, Arizona",31.344547100000003,-109.54534469999999,United States,19.0
"Drammen,Norway",59.7440738,10.204456500000001,Norway,1.0
"Dublin,Ireland",53.34980529999999,-6.2603097000000005,Ireland,38.0
"Dunkirk,France",51.0343684,2.3767763,France,14.0
"Durham, North Carolina",35.99403289999999,-78.898619,United States,319.0
"Durres,Albania",41.3245904,19.4564686,Albania,1.0
"Eagle Pass, Texas",28.7091433,-100.4995214,United States,344.0
"East Chicago, Indiana",41.63920239999999,-87.4547635,United States,1.0
"East London,South Africa",-33.0291582,27.8545867,South Africa,3.0
"Eemshaven,Netherlands",53.4385887,6.835493700000001,Netherlands,6.0
"El Dekheila,Egypt",30.7051537,30.7716308,Egypt,392.0
"El Djazair,Algeria",36.754387200000004,3.0462061,Algeria,13.0
"El Paso, Texas",31.7618778,-106.48502169999999,United States,5215.0
"Emden,Federal Republic of Germany",53.359402900000006,7.2060095,Germany,97.0
"Ensenada,Mexico",31.866742699999996,-116.5963713,Mexico,3386.0
"Erie, Pennsylvania",42.12922409999999,-80.085059,United States,53.0
"Escombreras,Spain",37.57925090000001,-0.9099551,Spain,3.0
"Everett, Washington",47.9789848,-122.2020795,United States,17960.0
"Everett, Washington ",47.9789848,-122.2020795,United States,6273.0
"FOS Sur Mer,France",43.43788199999999,4.945711,France,2693.0
"Fajardo, Puerto Rico",18.325786899999997,-65.6523838,Puerto Rico,1.0
"Fall River, Massachusetts",41.7014912,-71.1550451,United States,50.0
"Felixstowe ,United Kingdom",51.961726,1.3512549999999999,United Kingdom,7221.0
"Fernandina Beach, Florida ",30.669681800000003,-81.46259189999998,United States,38.0
"Ferrysburg, Michigan",43.08446199999999,-86.2203313,United States,8.0
"Fort Myers, Florida",26.640628000000003,-81.87230840000001,United States,144.0
"Fort Pierce, Florida ",27.446705600000005,-80.3256056,United States,13.0
"Fort Williams, ONT, Canada",48.3450222,-89.35831809999998,Canada,1.0
"Fredericia,Denmark",55.56892979999999,9.749517,Denmark,50.0
"Freeport, Texas",28.9541368,-95.3596617,United States,15925.0
"Fremantle,Australia",-32.0569,115.7439,Australia,29.0
"Fresno, California",36.7468422,-119.7725868,United States,140.0
"Fresno, California ",36.7468422,-119.7725868,United States,44.0
"Galveston, Texas",29.3013479,-94.7976958,United States,1510.0
"Gateway Freight Services Inc., Los Angeles, California",33.9434918,-118.3767058,United States,3.0
"Gdansk,Poland",54.35202520000001,18.6466384,Poland,48.0
"Gdynia,Poland",54.51888979999999,18.5305409,Poland,73.0
"Genova,Italy",44.4056499,8.946256,Italy,19874.0
"Georgetown,Guyana",6.801279300000001,-58.1551255,Guyana,27.0
"Gevle,Sweden",60.6748796,17.141272600000004,Sweden,12.0
"Gibraltar,Gibraltar",36.140751,-5.353585,Gibraltar,1.0
"Gioia Tauro,Italy",38.4262258,15.8988669,Italy,6908.0
"Goderich, ONT,Canada",43.7428345,-81.7138942,Canada,8.0
"Gothenburg,Sweden",57.70887,11.97456,Sweden,18197.0
"Gozo Island,Malta",36.0442999,14.2512221,Malta,603.0
"Grand Cayman,Cayman Islands",19.3221698,-81.2408689,Cayman Islands,45.0
"Grand Popo,Benin",6.2639324,1.7417143,Benin,4.0
"Grand Rapids, Michigan",42.9633599,-85.6680863,United States,167.0
"Grand Turks,Turks and Caicos Islands",21.467458399999998,-71.13891009999998,Turks and Caicos Islands,3.0
"Grangemouth,United Kingdom",56.0097152,-3.7227697999999996,United Kingdom,49.0
"Grant County Airport, Moses Lake, Washington",47.189955299999994,-119.32439070000001,United States,259.0
"Green Bay, Wisconsin",44.51915899999999,-88.019826,United States,1.0
"Greenville Spartanburg, South Carolina",34.8959008,-82.2172338,United States,2312.0
"Guam Island,Guam",13.452107999999999,144.7631754,Guam,152.0
"Guayaquil,Ecuador",-2.1709979,-79.9223592,Ecuador,26854.0
"Gulfport, Mississippi",30.367419800000004,-89.0928155,United States,37029.0
"Gun Cay,Bahamas",25.5813392,-79.3000757,The Bahamas,1.0
"Hachinohe,Japan",40.5122839,141.4883986,Japan,4.0
"Haifa,Israel",32.7940463,34.989571000000005,Israel,4049.0
"Haiphong,Vietnam",20.8449115,106.6880841,Vietnam,1578.0
"Hakata,Japan",33.59135759999999,130.4148783,Japan,1014.0
"Halifax, NS,Canada",44.64876350000001,-63.5752387,Canada,24333.0
"Halmstad,Sweden",56.6743748,12.8577885,Sweden,2.0
"Hamilton, ONT,Canada",43.255720600000004,-79.87110240000001,Canada,46.0
"Hamilton,Bermuda",32.2945837,-64.7858887,Bermuda,2538.0
"Hanko,Finland",59.83448199999999,22.964781,Finland,42.0
"Harrisburg, Pennsylvania",40.273191100000005,-76.88670079999999,United States,10.0
"Hartford, Connecticut",41.76371109999999,-72.6850932,United States,5.0
"Helsingborg,Sweden",56.0464674,12.6945121,Sweden,121.0
"Helsinki,Finland",60.16985569999999,24.938379100000002,Finland,4.0
"Hidalgo, Texas",26.1003547,-98.2630684,United States,3404.0
"Hidalgo,Mexico",20.0910963,-98.76238740000001,Mexico,1.0
"Highgate Springs/Alburg, Vermont",45.012885100000005,-73.0854626,United States,1.0
"Hilo, Hawaii",19.707094199999997,-155.0884869,United States,8.0
"Hiroshima,Japan",34.385202899999996,132.4552927,Japan,125.0
"Hitaki Ko,Japan",34.2840025,134.0461587,Japan,1.0
"Hodeidah,Yemen",14.790911800000002,42.970883799999996,Yemen,2.0
"Hong Kong,Hong Kong",22.396428,114.10949699999999,,81711.0
"Honolulu International Airport, Honolulu, Hawaii",21.3245132,-157.9250736,United States,1.0
"Honolulu, Hawaii",21.3069444,-157.8583333,United States,16072.0
"Houlton, Maine",46.126180600000005,-67.8402316,United States,7.0
"Houston Intercontinental Airport, Houston, Texas",29.990219899999996,-95.3367827,United States,165.0
"Houston Intercontinental Airport, Houston, Texas ",29.990219899999996,-95.3367827,United States,3.0
"Houston, Texas",29.7604267,-95.36980279999999,United States,342673.0
"Huasco,Chile",-28.4664,-71.2192,Chile,3.0
"Huntsville, Alabama",34.730368799999994,-86.5861037,United States,1123.0
"Ilo,Peru",-17.6680839,-71.34680909999999,Peru,157.0
"Imbituba,Brazil",-28.227627000000002,-48.6691286,Brazil,13.0
"Indianapolis, Indiana",39.768403,-86.158068,United States,2567.0
"Indianapolis, Indiana ",39.768403,-86.158068,United States,362.0
"International Falls/Rainer, Minnesota",48.4335974,-93.2269014,United States,291.0
"Iquique,Chile",-20.2307033,-70.13566920000001,Chile,113.0
"Iskenderun,Turkey",36.584672999999995,36.1756161,Turkey,52.0
"Islas de Coco,Costa Rica",5.5282282999999985,-87.0574302,Costa Rica,14.0
"Istanbul,Turkey",41.0082376,28.978358899999996,Turkey,9272.0
"Itajay,Brazil",-26.910705199999995,-48.670913299999995,Brazil,993.0
"Izmir ,Turkey",38.423734,27.142826,Turkey,407.0
"Iztapa,Guatemala",13.9336649,-90.7129007,Guatemala,155.0
"Jacksonville, Florida",30.3321838,-81.65565099999998,United States,19441.0
"Jalisco,Mexico",20.6595382,-103.34943759999999,Mexico,1.0
"Jazirath Halul,Qatar",25.6666667,52.41666670000001,,3.0
"Jebel Ali,United Arab Emirates",24.9857145,55.0272904,United Arab Emirates,10560.0
"Jinsen,South Korea",37.4562557,126.70520619999999,South Korea,15.0
"John F. Kennedy Airport, Jamaica, New York",40.6397092,-73.74322059999999,United States,21.0
"Judda,Saudi Arabia",21.2854067,39.23755070000001,Saudi Arabia,315.0
"Kakogawa,Japan",34.7569503,134.8411775,Japan,29.0
"Kalundborg,Denmark",55.686429000000004,11.089188,Denmark,3.0
"Kamaishi,Japan",39.2758183,141.88567719999998,Japan,40.0
"Kanda,Japan",35.6570442,139.7287018,Japan,22.0
"Kanokawa,Japan",35.096509000000005,138.85834,Japan,1.0
"Kansas City, Missouri",39.0997265,-94.5785667,United States,4959.0
"Kaohsiung,China (Taiwan)",22.627278399999998,120.3014353,Taiwan,98376.0
"Karachi Harbor,Pakistan",24.8490635,66.97609,Pakistan,39.0
"Kawasaki,Japan",35.52981980000001,139.7024039,Japan,646.0
"Kemlik,Turkey",40.43181999999999,29.155416,Turkey,3973.0
"Khor Fakkan,United Arab Emirates",25.3365669,56.3432629,United Arab Emirates,13.0
"King Abdul Aziz Port,Saudi Arabia",26.471267600000004,50.19869509999999,Saudi Arabia,131.0
"Kingston, ONT, Canada",44.2311717,-76.48595440000001,Canada,1.0
"Kingston, ONT,Canada",44.2311717,-76.48595440000001,Canada,3.0
"Kingstown,St. Vincent & Northern Grenadines",13.160024900000002,-61.2248157,Saint Vincent and the Grenadines,210.0
"Kingsville, ONT,Canada",42.0362841,-82.7389809,Canada,2.0
"Kitakyushu,Japan",33.8834093,130.8752161,Japan,1.0
"Knoxville, Tennessee",35.96063839999999,-83.9207392,United States,1302.0
"Knoxville, Tennessee ",35.96063839999999,-83.9207392,United States,408.0
"Kobe,Japan",34.690083,135.1955112,Japan,41160.0
"Kobenhavn,Denmark",55.676096799999996,12.568337199999998,Denmark,7.0
"Kona, Hawaii",19.639994,-155.9969261,United States,54.0
"Konakri,Guinea",9.6411855,-13.578401199999998,Guinea,1.0
"Konigsberg,Russia",54.710426399999996,20.452214399999995,Russia,2.0
"Koper,Slovenia",45.54805899999999,13.730187699999998,Slovenia,14.0
"Kota Kinabalu,Malaysia",5.980408000000001,116.0734568,Malaysia,2.0
"Kowloon,Hong Kong",22.3185673,114.1796057,Hong Kong,84.0
"Kunson,South Korea",35.967677200000004,126.7366293,South Korea,17.0
"Kuwait,Kuwait",29.375859000000002,47.9774052,Kuwait,9.0
"Kwangyang,South Korea",34.9406968,127.6958882,South Korea,5800.0
"La Guaira,Venezuala",10.587508,-66.9213628,Venezuela,2371.0
"La Paz,Mexico",24.1426408,-110.3127531,Mexico,1.0
"La Spezia,Italy",44.102450399999995,9.8240826,Italy,15413.0
"Lae,Papua New Guinea",-6.715525200000001,146.999905,Papua New Guinea,9.0
"Laem Chabang,Thailand",13.1040552,100.9158073,Thailand,31079.0
"Lafiteau ,Haiti",18.694767499999998,-72.35331169999998,Haiti,1.0
"Lampton, ONT,Canada",43.0527085,-82.0407137,Canada,2.0
"Laredo, Texas",27.530567100000003,-99.4803241,United States,1641.0
"Las Vegas, NV",36.169941200000004,-115.13982959999998,United States,817.0
"Lazaro Cardenas,Mexico",17.9567646,-102.1943485,Mexico,17489.0
"Le Havre,France",49.49437,0.107929,France,24240.0
"Leamington, ONT,Canada",42.053163399999995,-82.5998874,Canada,2.0
"Legaspi,Philippines",13.139062099999999,123.74379950000001,Philippines,29.0
"Limassol,Cyprus",34.7071301,33.0226174,Cyprus,2.0
"Linden,Guyana",6.0116099,-58.308957400000004,Guyana,1.0
"Lisbon,Portugal",38.722252399999995,-9.1393366,Portugal,25.0
"Little Rock, Arkansas",34.7464809,-92.2895948,United States,82.0
"Liverpool,United Kingdom",53.40837140000001,-2.9915726,United Kingdom,27499.0
"Livorno,Italy",43.548473,10.3105674,Italy,6849.0
"Logan Airport, East Boston, Massachusetts",42.365613200000006,-71.00956020000001,United States,1492.0
"Lome,Togo",6.1724969000000005,1.2313618,Togo,1.0
"London,United Kingdom",51.5073509,-0.12775830000000002,United Kingdom,532.0
"Londonderry ,United Kingdom",54.9966124,-7.308574799999999,United Kingdom,1.0
"Long Beach, California",33.770050399999995,-118.1937395,United States,210689.0
"Longview, Washington",46.1381676,-122.9381672,United States,894.0
"Los Angeles International Airport, Los Angeles, California",33.9415889,-118.40853,United States,544.0
"Los Angeles, California",34.0522342,-118.24368490000002,United States,475160.0
"Louisville, Kentucky",38.252664700000004,-85.7584557,United States,5736.0
"Luanda,Angola",-8.839987599999997,13.289436800000002,Angola,9.0
"Madras,India",13.0826802,80.2707184,India,1372.0
"Majuro Atoll,Marshall Islands",7.116421400000001,171.1857736,Marshall Islands,1.0
"Malaga,Spain",36.721273700000005,-4.4213987999999995,Spain,5.0
"Malaga,Spain ",36.721273700000005,-4.4213987999999995,Spain,4.0
"Malhado,Brazil",-14.7831919,-39.046327000000005,Brazil,28.0
"Malmo,Sweden",55.604981,13.003822,Sweden,3.0
"Manaus,Brazil",-3.1190275,-60.0217314,Brazil,160.0
"Manila ,Philippines",14.599512400000002,120.98421950000001,Philippines,380.0
"Manitoba,Canada",53.7608608,-98.8138762,Canada,16.0
"Manta,Ecuador",-0.9676533000000002,-80.7089101,Ecuador,65.0
"Manzanillo,Mexico",19.113809399999997,-104.33846159999999,Mexico,35368.0
"Maputo,Mozambique",-25.891968,32.605135100000005,Mozambique,3.0
"Marigot, St. Martin,Guadeloupe",18.0670391,-63.08472939999999,Saint Martin,2.0
"Marsaxlokk,Malta",35.8411699,14.539309699999999,Malta,333.0
"Marseille,France",43.296482,5.36978,France,6.0
"Marsh Harbour,Bahamas",26.5241653,-77.09098089999998,The Bahamas,7.0
"Masan,South Korea",35.213516,128.581433,South Korea,27.0
"Matarani,Peru",-17.0054057,-72.10014340000001,Peru,174.0
"Mazatlan ,Mexico",23.2494148,-106.41114250000001,Mexico,73.0
"Meadows Field Airport, Baskersfield, California",35.4329123,-119.056618,United States,6.0
"Memel,Lithuania",55.70329479999999,21.1442795,Lithuania,27.0
"Memphis, Tennessee",35.1495343,-90.0489801,United States,6150.0
"Memphis, Tennessee ",35.1495343,-90.0489801,United States,1442.0
"Memphis, Tennessee Cartage-Control, New Orleans, Louisiana",35.010232200000004,-89.8763626,United States,34.0
"Mersin,Turkey",36.8121041,34.6414811,Turkey,4255.0
"Mexico,Mexico",19.4326077,-99.133208,Mexico,716.0
"Miami International Airport , Miami, Florida",25.795865,-80.28704570000001,United States,270.0
"Miami, Florida",25.7616798,-80.1917902,United States,36473.0
"Milwaukee, Wisconsin",43.0389025,-87.9064736,United States,264.0
"Mina Dumyat,Egypt",31.405874199999996,31.809753399999998,Egypt,1802.0
"Mina Sulman,Bahrain",26.203971600000003,50.6132554,Bahrain,8.0
"Mina Zayed,United Arab Emirates",24.5224833,54.387718299999996,United Arab Emirates,8.0
"Minneapolis St. Paul, Minnesota",44.9374831,-93.2009998,United States,3826.0
"Mizusima,Japan",36.6387419,136.9015148,Japan,66.0
"Mobile, Alabama",30.6953657,-88.0398912,United States,5629.0
"Mobile, Alabama ",30.6953657,-88.0398912,United States,2470.0
"Moin,Costa Rica",9.9924257,-83.0951852,Costa Rica,51280.0
"Moji,Japan",33.94113839999999,130.95966289999998,Japan,39.0
"Mombasa,Kenya",-4.0434771000000005,39.668206500000004,Kenya,1.0
"Monrovia,Liberia",6.2907432,-10.7605239,Liberia,7.0
"Monrovia,Liberia ",6.2907432,-10.7605239,Liberia,6.0
"Montego Bay,Jamaica",18.4762228,-77.8938895,Jamaica,1.0
"Monterey, California",36.600237799999995,-121.8946761,United States,1.0
"Montevideo,Uruguay",-34.901112700000006,-56.16453139999999,Uruguay,1131.0
"Montreal, QUE,Canada",45.5016889,-73.567256,Canada,14945.0
"Morgan City, Louisiana",29.6993748,-91.20677,United States,65.0
"Morgan City, Louisiana ",29.6993748,-91.20677,United States,31.0
"Mosel ,Spain",42.8444911,-2.6723223999999997,Spain,7.0
"Mucuripe,Brazil",-3.7253934,-38.4836782,Brazil,273.0
"Mumbai,India",19.0759837,72.87765590000001,India,1472.0
"Mundra,India",22.8395202,69.7213266,India,25838.0
"Nacala,Mozambique",-14.5656065,40.6854309,Mozambique,25.0
"Nagoya Ko ,Japan",35.091814500000005,136.8801169,Japan,36397.0
"Nanking,China (Mainland)",32.047455,118.786341,China,660.0
"Nantong,China (Mainland)",32.3596,120.709078,China,61.0
"Napier,New Zealand",-39.492844399999996,176.9120178,New Zealand,497.0
"Napoli,Italy",40.851774600000006,14.268124400000001,Italy,9482.0
"Nashville, Tennessee",36.1626638,-86.78160159999999,United States,2519.0
"Nassau, New Providence Island,Bahamas",25.0479835,-77.355413,The Bahamas,1985.0
"Nemrut Bay,Turkey",38.9414151,33.5319123,Turkey,6605.0
"New Bedford, Massachusetts",41.6362152,-70.93420499999998,United States,376.0
"New Brunswick,Canada",46.56531629999999,-66.46191639999999,Canada,6.0
"New Orleans, Louisiana",29.95106579999999,-90.0715323,United States,49519.0
"New Westminster, BC,Canada",49.2057179,-122.910956,Canada,395.0
"New York, New York",36.102371500000004,-115.17455590000002,United States,51296.0
"New York, New York ",36.102371500000004,-115.17455590000002,United States,42396.0
"New York/Newark Area, Newark, New Jersey",40.6895314,-74.17446240000001,United States,482509.0
"Newcastle,Australia",-32.9282712,151.78168019999998,Australia,1.0
"Newfoundland,Canada",53.1355091,-57.660436399999995,Canada,1.0
"Newport News, Virginia",37.087082099999996,-76.4730122,United States,6.0
"Newport, Rhode Island",41.4901024,-71.31282850000001,United States,2116.0
"Nhava Sheva,India",18.949936100000002,72.9511875,India,40086.0
"Niigata,Japan",37.9161924,139.0364126,Japan,3.0
"Ningpo ,China (Mainland)",29.85228889999999,121.53260690000002,China,84784.0
"Nogales, Arizona",31.340377500000002,-110.93425320000001,United States,741.0
"Nombre de Dios,Panama",9.5777102,-79.47179469999998,Panama,4.0
"Norfolk, Virginia",36.8507689,-76.28587259999998,United States,95543.0
"Norfolk, Virginia ",36.8507689,-76.28587259999998,United States,46716.0
"Norrkoping,Sweden",58.587745,16.192421,Sweden,3.0
"Noumea,New Caledonia",-22.2558234,166.4505243,New Caledonia,1.0
"Nowy Port,Poland",54.40101569999999,18.6640287,Poland,1.0
"Nuevo Leon,Mexico",25.592172,-99.9961947,Mexico,3.0
"Oakland, California",37.8043637,-122.27111370000002,United States,93284.0
"Oakville, ONT,Canada",43.467517,-79.68766590000001,Canada,7.0
"Ogdensburg, New York",44.6942291,-75.48633640000001,United States,8.0
"Oita,Japan",33.2395578,131.609272,Japan,1.0
"Okinawa Island,Japan",26.501301,127.94540400000001,Japan,1.0
"Oklahoma City, Oklahoma",35.4675602,-97.5164276,United States,67.0
"Omaha, Nebraska",41.25236339999999,-95.9979883,United States,811.0
"Ontaria,Canada",51.253775,-85.32321400000001,Canada,329.0
"Ontario International Airport, Ontario, California",34.055978100000004,-117.59805700000001,United States,45.0
"Orlando, Florida",28.5383355,-81.3792365,United States,88.0
"Osaka ,Japan",34.693737799999994,135.50216509999998,Japan,2800.0
"Oslo,Norway",59.913868799999996,10.7522454,Norway,1.0
"Otay Mesa Station, California",32.5482076,-116.9745563,United States,25748.0
"Ottawa, ONT,Canada",45.42152960000001,-75.69719309999998,Canada,2.0
"Owensboro Evansville, Indiana",37.9776696,-87.50123769999998,United States,985.0
"Pago Pago Harbor,American Samoa",-14.273487300000003,-170.68401210000002,American Samoa,40.0
"Paita,Peru",-5.0938488,-81.0962172,Peru,1031.0
"Palermo,Italy",38.1156879,13.361267100000001,Italy,4.0
"Palma de Majorca,Spain ",39.5696005,2.6501603,Spain,2.0
"Panama Canal - Caribbean,Panama",9.1438034,-79.7285161,Panama,539.0
"Panama City ,Panama",8.982379199999999,-79.51986959999998,Panama,18.0
"Panama City, Florida",30.158812899999997,-85.6602058,United States,32.0
"Panama City, Florida ",30.158812899999997,-85.6602058,United States,88.0
"Pangai,Tonga",-19.811431,-174.3502613,Tonga,2.0
"Papeete, Tahiti,French Polynesia",-17.551625100000003,-149.55847580000002,French Polynesia,70.0
"Paranagua,Brazil",-25.5148826,-48.522565500000006,Brazil,62.0
"Pasajes ,Spain",43.325470300000006,-1.9301396,Spain,6.0
"Pascagoula, Mississippi",30.365755199999995,-88.5561272,United States,63.0
"Pasir Gudang,Malaysia",1.4702879999999998,103.9029689,Malaysia,150.0
"Patras ,Greece",38.2466395,21.734574,Greece,4.0
"Paysandu,Uruguay",-32.2706789,-58.08113400000001,Uruguay,3.0
"Pembina, North Dakota",48.9663765,-97.24367609999999,United States,5.0
"Pensacola, Florida",30.42130899999999,-87.2169149,United States,5.0
"Peoria, Illinois",40.6936488,-89.58898640000001,United States,282.0
"Philadelphia, Pennsylvania",39.9525839,-75.1652215,United States,47712.0
"Philipsburgh,Netherland Antilles",18.0295839,-63.04713709999999,Sint Maarten,38.0
"Phoenix, Arizona",33.4483771,-112.07403729999999,United States,382.0
"Pictou, NS,Canada",45.679332,-62.720603000000004,Canada,1.0
"Pinang,Malaysia",5.4163459000000005,100.3327617,Malaysia,499.0
"Pipavav, India",21.0120728,71.5341894,India,366.0
"Piraievs,Greece",37.9429857,23.6469832,Greece,3908.0
"Pittsburgh, Pennsylvania",40.44062479999999,-79.9958864,United States,1476.0
"Point Lisas,Trinidad",10.4077455,-61.492437699999996,Trinidad and Tobago,256.0
"Pointe a Pitre,Guadeloupe",16.2376869,-61.5340424,Guadeloupe,841.0
"Ponce, Puerto Rico",18.0110768,-66.6140616,Puerto Rico,18.0
"Port Angeles, Washington",48.118146,-123.4307413,United States,1.0
"Port Arthur, Texas",29.884950399999997,-93.939947,United States,22.0
"Port Bustamante,Jamaica",17.9881695,-76.83894129999999,Jamaica,7312.0
"Port Canaveral, Florida",28.4103506,-80.61881559999998,United States,76.0
"Port Chalmers,New Zealand",-45.81589659999999,170.62135039999998,New Zealand,475.0
"Port Credit, ONT ,Canada",43.5516151,-79.585628,Canada,84.0
"Port Elizabeth,South Africa",-33.7139247,25.5207358,South Africa,809.0
"Port Everglades, Florida",26.108991500000002,-80.12232540000001,United States,168865.0
"Port Hueneme, California",34.147782899999996,-119.1951074,United States,2468.0
"Port Huron, Michigan",42.9708634,-82.42491419999998,United States,628.0
"Port Louis,Mauritius",-20.1608912,57.50122220000001,Mauritius,40.0
"Port Lyttelton,New Zealand",-43.607701,172.727997,New Zealand,248.0
"Port Manatee, Florida",27.633644300000004,-82.5614858,United States,7.0
"Port Moody, BC,Canada",49.284910700000005,-122.86775619999999,Canada,2.0
"Port Moresby,Papua New Guinea",-9.478012300000001,147.1506542,Papua New Guinea,3.0
"Port Natal,South Africa",-29.85868039999999,31.0218404,South Africa,8640.0
"Port Qasim,Pakistan",24.7696943,67.3346881,Pakistan,5745.0
"Port Said,Egypt",31.2652893,32.301866100000005,Egypt,908.0
"Port Stanley, ONT,Canada",42.66413529999999,-81.21563290000002,Canada,3.0
"Port Swettenham,Malaysia",2.999852,101.39283,Malaysia,6043.0
"Port au Prince ,Haiti",18.594395000000002,-72.30743259999998,Haiti,48.0
"Port do Pecem,Brazil",-3.5522452000000007,-38.831898200000005,Brazil,1933.0
"Port of Spain,Trinidad",10.6549013,-61.50192559999999,Trinidad and Tobago,109.0
"Portal, North Dakota",48.99586370000001,-102.5496127,United States,29.0
"Portland, Maine",43.66147100000001,-70.2553259,United States,80.0
"Portland, Oregon",45.523062200000005,-122.6764815,United States,12301.0
"Porto de Leixoes,Portugal",41.1774154,-8.7009188,Portugal,50.0
"Portocel,Brazil",-6.970791699999999,-44.198241700000004,Brazil,502.0
"Portsmouth, New Hampshire",43.071755200000005,-70.7625532,United States,97.0
"Poti,Georgia",42.1582596,41.67137,Georgia,2.0
"Prince Edward Island,Canada",46.510712,-63.41681359999999,Canada,1.0
"Prince Rupert, BC ,Canada",54.31503670000001,-130.3208187,Canada,30483.0
"Progreso,Mexico",21.2811908,-89.66516279999998,Mexico,1971.0
"Providence, Rhode Island",41.8239891,-71.4128343,United States,1294.0
"Providenciales,Turks and Caicos Islands",21.7737654,-72.271908,Turks and Caicos Islands,49.0
"Puebla,Mexico",19.041439800000003,-98.20627270000001,Mexico,1.0
"Puerto Bello ,Panama",9.548888900000001,-79.65301740000001,Panama,2.0
"Puerto Cabello ,Venezuala",10.469768499999999,-68.02986539999999,Venezuela,1815.0
"Puerto Castilla,Honduras",16.017326800000003,-85.95855440000001,Honduras,42983.0
"Puerto Cortes,Honduras",15.825072,-87.92857769999998,Honduras,18818.0
"Puerto El Triunfo,El Salvador",13.276671799999999,-88.54928129999998,El Salvador,5.0
"Puerto Golfito ,Costa Rica",8.6040618,-83.1133792,Costa Rica,1.0
"Puerto Jose,Venezuala",10.2128464,-64.63336600000001,Venezuela,8.0
"Puerto Libertador,Dominican Republic",18.4545915,-69.97877609999999,Dominican Republic,5.0
"Puerto Limon,Costa Rica",9.9913106,-83.04150779999998,Costa Rica,1097.0
"Puerto Manzanillo,Panama",9.3651477,-79.88115140000001,Panama,55553.0
"Puerto Morales,Mexico",20.847808399999998,-86.87553419999998,Mexico,9.0
"Puerto Plata,Dominican Republic",19.780768600000002,-70.68710909999999,Dominican Republic,780.0
"Puerto Quetzal ,Guatemala",13.930629199999998,-90.75803420000001,Guatemala,12114.0
"Puerto Vargas,Costa Rica",9.731286,-82.8144915,Costa Rica,5.0
"Puerto de Lirquen,Chile",-36.7060687,-72.9767406,Chile,40.0
"Puerto de la Luz,Spain",28.1379794,-15.415594500000001,Spain,1.0
"Punta Venado,Mexico",20.688694,-87.058157,Mexico,40.0
"Pusan,South Korea",35.17955429999999,129.07564159999998,South Korea,201889.0
"Pyungtaek,South Korea",36.9921075,127.11294509999999,South Korea,4.0
"Quanzhou,China (Mainland)",24.904427399999996,118.5963705,China,25.0
"Quebec, QUE,Canada",45.5360012,-73.5938056,Canada,89.0
"Quebec,Canada",46.8138783,-71.2079809,Canada,7.0
"Rama,Nicaragua",12.163033300000002,-84.2199753,Nicaragua,1.0
"Ras Al Khafji,Saudi Arabia",28.4256618,48.4887224,Saudi Arabia,96.0
"Rauma,Finland",61.1308854,21.505926300000002,Finland,4.0
"Ravenna,Italy",44.4183598,12.2035294,Italy,1.0
"Raymond, Montana",48.8761512,-104.58009940000001,United States,4.0
"Rayong,Thailand",12.6813957,101.2816261,Thailand,1.0
"Recife,Brazil",-8.0475622,-34.8769643,Brazil,4.0
"Regla,Cuba",23.1271241,-82.32619770000001,Cuba,39.0
"Reno, Nevada",39.529632899999996,-119.8138027,United States,31.0
"Reykjavik,Iceland",64.12652059999999,-21.8174392,Iceland,24.0
"Richard's Bay,South Africa",-28.780727600000002,32.0382856,South Africa,3.0
"Richmond Petersburg, Virginia",37.2382735,-77.3687795,United States,109.0
"Richmond, BC,Canada",49.1665898,-123.133569,Canada,43.0
"Richmond, California",37.9357576,-122.3477486,United States,128.0
"Richmond, California ",37.9357576,-122.3477486,United States,8.0
"Riga,Latvia",56.94964870000001,24.1051865,Latvia,64.0
"Rimouski, QUE,Canada",48.45256029999999,-68.51213179999999,Canada,6.0
"Ringaskiddy,Ireland",51.83042829999999,-8.3219487,Ireland,1.0
"Rio Grande,Brazil",-30.0346316,-51.217698600000006,Brazil,3840.0
"Rio Jaina,Dominican Republic",18.590861999999998,-70.1351468,Dominican Republic,6855.0
"Rio de Janeiro,Brazil",-22.9068467,-43.1728965,Brazil,5306.0
"Road Town, Tortola Island,British Virgin Islands",18.4286115,-64.6184657,British Virgin Islands,34.0
"Roatan Island,Honduras",16.329760800000003,-86.5299673,Honduras,31.0
"Rochester, New York",43.16103,-77.61092190000001,United States,274.0
"Rochester, New York ",43.16103,-77.61092190000001,United States,61.0
"Rockford Airport, Rockford, Illinois",42.201927600000005,-89.0955966,United States,226.0
"Rosario,Argentina",-32.9442426,-60.65053880000001,Argentina,9.0
"Rosarito,Mexico",32.3661011,-117.0617553,Mexico,2035.0
"Rostock,Federal Republic of Germany",54.092440599999996,12.0991466,Germany,4.0
"Rotterdam,Netherlands",51.9244201,4.4777325999999995,Netherlands,95150.0
"Rouseau,Dominca Island",15.3091676,-61.37935539999999,Dominica,71.0
"ST. Thomas,Virgin Islands",18.3380965,-64.8940946,U.S. Virgin Islands,74.0
"Sacramento International Airport, Sacramento, California",38.695085399999996,-121.59006480000001,United States,222.0
"Sagunto,Spain",39.679863299999994,-0.27843850000000003,Spain,406.0
"Saint John, NB,Canada",45.2733153,-66.06330799999999,Canada,1485.0
"Salalah,Oman",17.0506675,54.1065864,Oman,6413.0
"Salem, Massachusetts",42.51954,-70.8967155,United States,500.0
"Salem, Massachusetts ",42.51954,-70.8967155,United States,38.0
"Salerno,Italy",40.68244079999999,14.768096100000001,Italy,1074.0
"Salt Lake City, Utah",40.760779299999996,-111.89104740000002,United States,1406.0
"Salvador,Brazil",-12.972218400000001,-38.5014136,Brazil,1705.0
"Samsun,Turkey",41.2797031,36.3360667,Turkey,1.0
"San Antonio, Texas",29.4241219,-98.4936282,United States,633.0
"San Antonio,Chile",-33.5922807,-71.6055123,Chile,7628.0
"San Bernardino International Airport, San Bernardino, California",34.1005251,-117.24671000000001,United States,311.0
"San Diego, California",32.715738,-117.1610838,United States,40620.0
"San Francisco International Airport, San Francisco, California",37.62131289999999,-122.3789554,United States,26.0
"San Francisco, California",37.7749295,-122.4194155,United States,1092.0
"San Jose International, San Francisco, California",37.62131289999999,-122.3789554,United States,98.0
"San Juan International Airport, Old San Juan, Puerto Rico",18.437374600000002,-66.0017194,Puerto Rico,1.0
"San Juan International Airport, Old San Juan, Puerto Rico ",18.437374600000002,-66.0017194,Puerto Rico,7.0
"San Juan, Puerto Rico",18.465539399999997,-66.1057355,Puerto Rico,32249.0
"San Juan, Puerto Rico ",18.465539399999997,-66.1057355,Puerto Rico,11306.0
"San Lorenzo,Honduras",13.4326204,-87.45544319999998,Honduras,15.0
"San Luis Potosi,Mexico",22.156469899999998,-100.9855409,Mexico,129.0
"San Luis, Arizona",32.486999600000004,-114.78217959999999,United States,148.0
"San Pedro,Belize",17.9213664,-87.9610905,Belize,35.0
"San Vicente,Chile",-34.4349435,-71.0913748,Chile,1825.0
"Sangi,Philippines",10.385363,123.6525422,Philippines,366.0
"Santa Barbara de Samana,Dominican Republic",19.2080704,-69.33245179999999,Dominican Republic,61.0
"Santa Elena,Ecuador",-2.2268901000000003,-80.85938449999998,Ecuador,1.0
"Santa Marta,Colombia",11.2403547,-74.2110227,Colombia,7496.0
"Santa Teresa, New Mexico",31.855938399999996,-106.6391577,United States,3245.0
"Santander,Spain",43.46230569999999,-3.8099803,Spain,230.0
"Santiago,Chile",-33.4488897,-70.66926550000001,Chile,1.0
"Santo Domingo,Dominican Republic",18.4860575,-69.93121169999999,Dominican Republic,4227.0
"Santo Tomas de Castilla,Guatemala",15.690179999999998,-88.620407,Guatemala,10002.0
"Sao Francisco do Sul,Brazil",-26.249088399999994,-48.6346216,Brazil,12.0
"Sao Paulo,Brazil",-23.550519899999998,-46.63330939999999,Brazil,24241.0
"Saskatchenwan,Canada",52.939915899999995,-106.4508639,Canada,29.0
"Sattahip,Thailand",12.676633800000001,100.89678470000001,Thailand,18.0
"Saupe,Brazil",-8.3943786,-34.9740529,Brazil,274.0
"Savanna La Mar,Jamaica",18.229167699999998,-78.1393397,Jamaica,10.0
"Savannah, Georgia",32.0835407,-81.09983419999998,United States,253298.0
"Savona,Italy",44.298387,8.464533099999999,Italy,146.0
"Scarborough,Trinidad",11.186980300000002,-60.73015110000001,Trinidad and Tobago,1.0
"Searsport, Maine",44.46393399999999,-68.90386269999999,United States,1.0
"Seattle Tacoma International Airport, Seattle, Washington",47.4502499,-122.3088165,United States,22.0
"Seattle, Washington",47.6062095,-122.33207079999998,United States,215369.0
"Semarang,Indonesia",-7.0051453,110.43812539999999,Indonesia,140.0
"Sendai ,Japan",38.268215000000005,140.86935580000002,Japan,5328.0
"Sepetiba Bay,Brazil",-29.871001,-50.07620679999999,Brazil,968.0
"Serangoon Harbor,Singapore",1.3977778,103.9408333,Singapore,6.0
"Sete,France",43.4078758,3.7008218999999998,France,33.0
"Shanghai ,China (Mainland)",31.237137,121.487881,China,253766.0
"Sharjah,United Arab Emirates",25.346255300000003,55.420931700000004,United Arab Emirates,6.0
"Shekou,China (Mainland)",22.5272145,113.9180054,China,968.0
"Shellhaven,United Kingdom",51.5157136,0.4775639,United Kingdom,11.0
"Shilong,China (Taiwan)",24.883394,118.929975,China,2801.0
"Sihanoukville,Cambodia",10.6253016,103.5233963,Cambodia,11.0
"Simizu,Japan",35.015887899999996,138.48952749999998,Japan,3461.0
"Simonstown,South Africa",-34.1937654,18.435665300000004,South Africa,340.0
"Sinaloa,Mexico",25.1721091,-107.4795173,Mexico,2.0
"Sines,Portugal",37.9571555,-8.860890699999997,Portugal,24503.0
"Singapore,Singapore",1.352083,103.819836,Singapore,133491.0
"Sitrah,Bahrain",26.1628197,50.627510799999996,Bahrain,217.0
"Smalkalden,Suriname",5.6208917000000005,-55.0962067,Suriname,20.0
"Somoza,Nicaragua",12.1972071,-86.75797870000002,Nicaragua,6.0
"Songkhla Harbor,Thailand",7.2265073000000015,100.5669907,Thailand,13.0
"Sonora,Mexico",29.297224699999997,-110.3308814,Mexico,153.0
"Sorel, QUE,Canada",46.042825,-73.112302,Canada,5.0
"South Bend-Raymond, Washington",46.664401700000006,-123.81121840000002,United States,1.0
"South Riding Point,Bahamas",26.63056,-78.23007700000001,The Bahamas,94232.0
"Southern California Logistics Airport Victorville, California",34.584100299999996,-117.37893020000001,United States,223.0
"Southhampton,United Kingdom",50.90970040000001,-1.4043508999999998,United Kingdom,37418.0
"Springfield, Missouri",37.20895720000001,-93.2922989,United States,5.0
"St. George's,Grenada",12.0560975,-61.748799600000005,Grenada,66.0
"St. John's, Antigua,Antigua",17.1274104,-61.84677199999999,Antigua and Barbuda,70.0
"St. Laurent,French Guiana",5.4838803999999985,-54.0248906,French Guiana,1.0
"St. Lawrence, NFLD,Canada",46.92516699999999,-55.39522900000001,Canada,3.0
"St. Louis, Missouri",38.6270025,-90.1994042,United States,2536.0
"St. Louis, Missouri ",38.6270025,-90.1994042,United States,897.0
"St. Martin,Netherland Antilles",18.042479999999998,-63.05483,Sint Maarten,1.0
"St. Petersburg,Russia",59.9342802,30.335098600000002,Russia,99.0
"Stadersand,Federal Republic of Germany",53.6203259,9.5293974,Germany,100653.0
"Stephenville, NFLD,Canada",48.5479718,-58.5815353,Canada,1.0
"Stockholm,Sweden",59.329323499999994,18.068580800000003,Sweden,22.0
"Stralsund,Federal Republic of Germany",54.30906539999999,13.077034699999999,Germany,5.0
"Suez,Egypt",29.9668343,32.54980689999999,Egypt,73.0
"Sumas, Washington",49.0001217,-122.2648752,United States,7.0
"Surabaya,Indonesia",-7.2574719,112.7520883,Indonesia,179.0
"Susaka,Croatia",44.507676399999994,14.3038411,Croatia,5.0
"Susaki,Japan",33.400745,133.282953,Japan,96.0
"Suva Harbor ,Fiji Islands",-18.1422373,178.406454,Fiji,236.0
"Sweetgrass, Montana",48.9961099,-111.96757509999999,United States,32.0
"Sydney, NS,Canada",46.1367899,-60.19422399999999,Canada,1.0
"Sydney,Australia",-33.8688197,151.2092955,Australia,2060.0
"Syracuse, New York",43.0481221,-76.14742439999998,United States,230.0
"Tacoma, Washington",47.252876799999996,-122.4442906,United States,525743.0
"Taichung,China (Taiwan)",24.1477358,120.6736482,Taiwan,112.0
"Taipei,China (Taiwan)",25.0329694,121.56541770000001,Taiwan,166.0
"Talcahuano,Chile",-36.7247834,-73.1169808,Chile,1.0
"Tallinn,Estonia",59.43696079999999,24.7535747,Estonia,64.0
"Tamaulipas,Mexico",24.266939999999998,-98.8362755,Mexico,1125.0
"Tampa, Florida",27.950575,-82.4571776,United States,2843.0
"Tampico,Mexico",22.233104100000002,-97.861099,Mexico,131245.0
"Tangier,Morocco",35.7594651,-5.8339542999999985,Morocco,539.0
"Tanjung Pelepas,Malaysia",1.3621673,103.5533946,Malaysia,3556.0
"Tanjung Priok,Indonesia",-6.1320555,106.8714848,Indonesia,1426.0
"Tanjunguban,Indonesia",1.0703109,104.2192475,Indonesia,1.0
"Tarragona,Spain",41.11888270000001,1.2444909,Spain,12.0
"Tarragona,Spain ",41.11888270000001,1.2444909,Spain,258.0
"Tauranga,New Zealand",-37.68779749999999,176.1651295,New Zealand,5972.0
"Tawau,Malaysia",4.244651,117.8911861,Malaysia,1688.0
"Tecate, California",32.5811734,-116.62098710000001,United States,41.0
"Tellicherry,India",11.7532878,75.4928777,India,66.0
"Tema,Ghana",5.7348119,0.030235400000000003,Ghana,272.0
"Tenerife ,Spain",28.291563699999998,-16.6291304,Spain,28.0
"Tenes,Algeria",36.504903799999994,1.3180041999999998,Algeria,16.0
"Thamesport,United Kingdom",51.433450799999996,0.6869244999999999,United Kingdom,3.0
"Thanh Pho Ho Chi Minh,Vietnam",10.8230989,106.6296638,Vietnam,2937.0
"Thessaloniki,Greece",40.6400629,22.9444191,Greece,22.0
"Tientsin,China (Mainland)",39.0460863,117.6817553,China,3512.0
"Tilbury,United Kingdom",51.463024,0.360498,United Kingdom,168.0
"Timaru,New Zealand",-44.3969718,171.2549729,New Zealand,6.0
"Tin Can Island,Nigeria",6.432796799999998,3.3451885999999997,Nigeria,234.0
"Toamasina,Madagascar (Malagasy)",-18.1442811,49.3957836,Madagascar,3.0
"Tobago,Trinidad",10.691803,-61.222503,Trinidad and Tobago,1.0
"Tokyo ,Japan",35.6894875,139.69170640000002,Japan,82578.0
"Toledo, Ohio",41.6639383,-83.55521200000003,United States,79.0
"Tomakomai,Japan",42.6343021,141.60537209999998,Japan,42.0
"Tonghae,South Korea",37.52471920000001,129.1142915,South Korea,1.0
"Toronto, ONT,Canada",43.653226000000004,-79.3831843,Canada,39495.0
"Tourane,Vietnam",16.0544068,108.2021667,Vietnam,118.0
"Toyohasi,Japan",34.7691995,137.39146619999997,Japan,489.0
"Trieste ,Italy",45.6495264,13.7768182,Italy,10.0
"Trois Rivieres, QUE,Canada",46.3546803,-72.5837866,Canada,1.0
"Trout River, New York",44.99143249999999,-74.3082502,United States,5513.0
"Trujillo,Honduras",15.911678899999998,-85.9534465,Honduras,3.0
"Trujillo,Peru",-8.109052400000001,-79.02153359999998,Peru,6.0
"Tsingtao,China (Mainland)",36.28214699999999,119.98196999999999,China,29966.0
"Tucson, Arizona",32.2217429,-110.926479,United States,192.0
"Tulcea,Romania",45.1716165,28.7914439,Romania,1.0
"Tulear,Madagascar (Malagasy)",-23.3516191,43.6854936,Madagascar,1.0
"Tulsa, Oklahoma",36.1539816,-95.992775,United States,120.0
"Tunis,Tunisia",36.806494799999996,10.1815316,Tunisia,5.0
"Turbo,Colombia",8.0951588,-76.7284559,Colombia,24.0
"Tuticorin,India",8.764166099999999,78.13483609999999,India,761.0
"Tutunciftlik,Turkey",40.759518,29.791797999999996,Turkey,1576.0
"UPS, Newark, New Jersey",40.7540302,-74.19830309999998,United States,8.0
"UPS, Seattle, Washington",47.603592,-122.33560870000001,United States,1.0
"Ube,Japan",33.951508700000005,131.2467858,Japan,1.0
"Ujung Pandang,Indonesia",-5.147665099999998,119.4327314,Indonesia,1.0
"Ulsan,South Korea",35.5383773,129.3113596,South Korea,11.0
"Umm Qasr,Iraq",30.039768300000002,47.9267674,Iraq,4.0
"Urucara,Brazil",-2.5297311000000002,-57.754279000000004,Brazil,9.0
"Ushuaia,Argentina",-54.8019121,-68.30295109999999,Argentina,22.0
"Vacamonte,Panama",8.9108924,-79.7035265,Panama,565.0
"Valdivia,Chile",-39.819585700000005,-73.2452103,Chile,3919.0
"Valencia Harvor,Ireland",53.3601961,-6.263313200000001,Ireland,5.0
"Valencia,Spain",39.4699075,-0.37628809999999996,Spain,43755.0
"Valencia,Spain ",39.4699075,-0.37628809999999996,Spain,13541.0
"Valletta,Malta",35.898908500000005,14.514552800000002,Malta,35.0
"Valleyfield, QUE,Canada",45.2500909,-74.13308620000001,Canada,3.0
"Valparaiso,Chile",-33.047238,-71.61268849999998,Chile,6346.0
"Vancouver, BC ,Canada",49.282729100000005,-123.1207375,Canada,292293.0
"Vancouver, BC, Canada",49.282729100000005,-123.1207375,Canada,10.0
"Vancouver, Washington",45.63183970000001,-122.67160630000001,United States,448.0
"Venice,Italy",45.440847399999996,12.315515099999999,Italy,23.0
"Veracruz,Mexico",19.173773,-96.1342241,Mexico,165494.0
"Vicksburg, Mississippi (Include Jackson Municipal Airport)",32.3122283,-90.07642170000001,United States,463.0
"Victoria, BC,Canada",48.428420700000004,-123.36564440000001,Canada,48.0
Vietnam,14.058323999999999,108.277199,Vietnam,199.0
"Vieux Fort,St. Lucia",13.720607999999999,-60.94964329999999,Saint Lucia,34.0
"Vigo,Spain",42.24059889999999,-8.720726800000001,Spain,689.0
"Vigo,Spain ",42.24059889999999,-8.720726800000001,Spain,259.0
"Vila Real de San Antonio,Portugal",37.1937172,-7.4209255,Portugal,320.0
"Vila do Conde,Brazil",-23.5195854,-46.65052070000001,Brazil,35.0
"Villagarcia de Arosa,Spain",42.598602500000005,-8.737103900000001,Spain,10.0
"Virgin Gorda,British Virgin Islands",18.493905899999998,-64.40228770000002,British Virgin Islands,1.0
"Vishakhapatnam,India",17.6868159,83.2184815,India,25.0
"Vito,Philippines",14.5560018,121.00518390000002,Philippines,7.0
"Vitoria,Brazil",-20.2976178,-40.2957768,Brazil,3611.0
"Vladivostok,Russia",43.119809100000005,131.8869243,Russia,1.0
"Vlissingen,Netherlands",51.453667200000005,3.5709125,Netherlands,6.0
"Vunda Point,Fiji Islands",-17.6792682,177.38472099999998,Fiji,17.0
"Vung Tau,Vietnam",10.4113797,107.136224,Vietnam,28201.0
"Wadi Feiran,Egypt",28.711215999999997,33.663983,Egypt,1.0
"Walvis Bay,Namibia",-22.9389587,14.524746300000002,Namibia,1.0
"Washington, District of Columbia",38.9071923,-77.03687070000001,United States,66.0
"Welland, ONT,Canada",42.992157899999995,-79.2482555,Canada,32.0
"Wellington ,New Zealand",-41.286460299999995,174.776236,New Zealand,120.0
"West Palm Beach, Florida",26.7153424,-80.0533746,United States,3731.0
"White Rock, BC,Canada",49.0253085,-122.80296200000001,Canada,223.0
"Wiarton, ONT,Canada",44.7419729,-81.14083440000002,Canada,127.0
"Wichita, Kansas",37.68717609999999,-97.330053,United States,21.0
"Wilhelmshaven,Federal Republic of Germany",53.53234029999999,8.106872200000002,Germany,6.0
"Wilkes Barre/Scranton, Pennsylvania",41.298176899999994,-75.9927652,United States,29.0
"Willemstad,Netherland Antilles",12.1224221,-68.8824233,Curaçao,113.0
"Wilmington, Delaware",39.7390721,-75.5397878,United States,50578.0
"Wilmington, Delaware ",39.7390721,-75.5397878,United States,18547.0
"Wilmington, North Carolina",34.2257255,-77.9447102,United States,3087.0
"Wilmington, North Carolina ",34.2257255,-77.9447102,United States,1126.0
"Wilsons Beach, NB,Canada",44.9329121,-66.9395863,Canada,664.0
"Windsor, ONT,Canada",42.314936700000004,-83.03636329999998,Canada,109.0
"Winston-Salem, North Carolina",36.09985959999999,-80.24421600000001,United States,126.0
"Worcester, Massachusetts",42.262593200000005,-71.8022934,United States,403.0
"Workington,United Kingdom",54.64356899999999,-3.5427519999999997,United Kingdom,12.0
"Wuhu,China (Mainland)",31.302751,117.902111,China,6353.0
"Xcalac,Mexico",18.2713888,-87.83583329999998,Mexico,4188.0
"Xiamen,China (Mainland)",24.505976999999998,118.126884,China,16405.0
"Yalta,Ukraine",44.49520500000001,34.166301000000004,,2.0
"Yangon,Burma",16.866069399999997,96.19513200000002,Myanmar (Burma),4.0
"Yarimca,Turkey",39.919162,30.634021,Turkey,21.0
"Yarmouth Harbor,United Kingdom",50.70514,-1.5027466999999999,United Kingdom,198.0
"Yarmouth, NS,Canada",43.8374576,-66.11738199999999,Canada,1.0
"Yarraville,Australia",-37.817,144.89,Australia,5571.0
"Yavaros,Mexico",26.704837400000002,-109.51555,Mexico,22824.0
"Yentai,China (Mainland)",31.237137,121.487881,China,81.0
"Yokkaiti,Japan",34.9651567,136.62448469999998,Japan,3.0
"Yokohama,Japan",35.4437078,139.6380256,Japan,7832.0
"Yokosuka,Japan",35.2813412,139.6722005,Japan,104.0
"Ystad,Sweden",55.4295051,13.820030800000001,Sweden,37.0
"Yura,Japan",33.959223200000004,135.1183485,Japan,147.0
"Yuzhnyy,Ukraine",46.624021299999995,31.1000648,Ukraine,70.0
"Zaandam,Netherlands",52.4420399,4.829199299999999,Netherlands,10.0
"Zarate,Argentina",-34.095781099999996,-59.024230200000005,Argentina,67.0
"Zeebrugge,Belgium",51.3189468,3.2068507,Belgium,6252.0
"Zhenjiang,China (Mainland)",31.7034717,119.94220700000001,China,45.0
"Zhongshan,China (Mainland)",38.93973700000001,115.349948,China,92.0
"Zhuhai,China (Mainland)",22.5272145,113.9180054,China,45.0
"Zonguldak,Turkey",41.45352099999999,31.789379999999998,Turkey,2.0
"Zwyndrecht,Belgium",51.2164116,4.3335905,Belgium,55.0
"British Indian Ocean Territory,British Indian Ocean Territory",-6.343194,71.87651899999999,British Indian Ocean Territory,
"Cayman Island Ports,Cayman Islands",19.3221698,-81.2408689,Cayman Islands,
"China (Taiwan) Ports,China (Taiwan)",29.732170399999998,-95.4354819,United States,
"Egypt Mediterranean Region Ports,Egypt",31.174514799999997,29.864162300000004,Egypt,
"Guyana Ports ,Guyana",6.2522028,-57.34682370000001,Guyana,
"Honduras West Coast Region Ports ,Honduras",16.329760800000003,-86.5299673,Honduras,
"Oman Ports ,Oman",24.4964531,56.61656139999999,Oman,
"Pakistan Ports ,Pakistan",24.806720300000002,66.9832778,Pakistan,
"Virgin Islands Ports ,Virgin Islands",18.335094,-64.97024600000002,U.S. Virgin Islands,
